Timestamp,Value,USL,LSL,Process,Tool,Temperature,Pressure,RF_Power
2024-01-01 08:00,299.8,315,285,Wet Etch,Tool B,25C,1atm,0W
2024-01-01 08:15,300.2,315,285,Wet Etch,Tool B,25C,1atm,0W
2024-01-01 08:30,300.0,315,285,Wet Etch,Tool B,25C,1atm,0W
2024-01-01 08:45,300.4,315,285,Wet Etch,Tool B,25C,1atm,0W
2024-01-01 09:00,300.1,315,285,Wet Etch,Tool B,25C,1atm,0W
2024-01-01 09:15,316.2,315,285,Wet Etch,Tool B,27C,1atm,0W
2024-01-01 09:30,300.3,315,285,Wet Etch,Tool B,25C,1atm,0W
2024-01-01 09:45,299.9,315,285,Wet Etch,Tool B,25C,1atm,0W
2024-01-01 10:00,300.2,315,285,Wet Etch,Tool B,25C,1atm,0W
2024-01-01 10:15,300.0,315,285,Wet Etch,Tool B,25C,1atm,0W
2024-01-01 10:30,299.8,315,285,Wet Etch,Tool B,25C,1atm,0W
2024-01-01 10:45,300.1,315,285,Wet Etch,Tool B,25C,1atm,0W
2024-01-01 11:00,300.3,315,285,Wet Etch,Tool B,25C,1atm,0W
2024-01-01 11:15,300.0,315,285,Wet Etch,Tool B,25C,1atm,0W
2024-01-01 11:30,299.9,315,285,Wet Etch,Tool B,25C,1atm,0W